timestamp,rps
2025-07-01 02:01:29,0
2025-07-01 02:01:30,10
2025-07-01 02:01:31,0
2025-07-01 02:01:32,52
2025-07-01 02:01:33,38
2025-07-01 02:01:34,39
2025-07-01 02:01:35,61
2025-07-01 02:01:36,0
2025-07-01 02:01:37,0
2025-07-01 02:01:38,0
2025-07-01 02:01:39,0
2025-07-01 02:01:40,0
2025-07-01 02:01:41,0
2025-07-01 02:01:42,0
2025-07-01 02:01:43,0
2025-07-01 02:01:44,0
2025-07-01 02:01:45,0
2025-07-01 02:01:46,0
2025-07-01 02:01:47,0
2025-07-01 02:01:48,0
2025-07-01 02:01:49,88
2025-07-01 02:01:50,119
2025-07-01 02:01:51,93
2025-07-01 02:01:52,13
2025-07-01 02:01:53,120
2025-07-01 02:01:54,119
2025-07-01 02:01:55,48
2025-07-01 02:01:56,20
2025-07-01 02:01:57,118
2025-07-01 02:01:58,120
2025-07-01 02:01:59,42
2025-07-01 02:02:00,0
